name_category;img_category;url_category;title
Хлебобулочные изделия и выпечка;bd9af0668a003c0864b1652c795c4a67.png;https://ru.sas.am/categories/%D0%A5%D0%BB%D0%B5%D0%B1%D0%BE%D0%B1%D1%83%D0%BB%D0%BE%D1%87%D0%BD%D1%8B%D0%B5_%D0%B8%D0%B7%D0%B4%D0%B5%D0%BB%D0%B8%D1%8F_%D0%B8_%D0%B2%D1%8B%D0%BF%D0%B5%D1%87%D0%BA%D0%B0_1045/;True
Хлеб;0b81f6e6c55a2e9efe122a6107550142.jpg;https://ru.sas.am/categories/%D0%A5%D0%BB%D0%B5%D0%B1_1059/;False
Белый;35c451f723cd840a4cba1cbd989a165d.jpg;https://ru.sas.am/categories/%D0%91%D0%B5%D0%BB%D1%8B%D0%B9_1064/;False
Черный, серый;4c24bd1c53cfce68f3578b4b5bf988d6.jpg;https://ru.sas.am/categories/%D0%A7%D0%B5%D1%80%D0%BD%D1%8B%D0%B9_%D1%81%D0%B5%D1%80%D1%8B%D0%B9_2751/;False
Диетический;6ce4f5bce764c2ad2a68bad5f96a123c.jpg;https://ru.sas.am/categories/%D0%94%D0%B8%D0%B5%D1%82%D0%B8%D1%87%D0%B5%D1%81%D0%BA%D0%B8%D0%B9_1068/;False
Лаваш;d5f3e4a503a745571b4dff6c70bba14e.jpg;https://ru.sas.am/categories/%D0%9B%D0%B0%D0%B2%D0%B0%D1%88_1066/;False
Другие;45147b29d5dcef4fdac3e27e466231cd.jpg;https://ru.sas.am/categories/%D0%94%D1%80%D1%83%D0%B3%D0%B8%D0%B5_3245/;False
Выпечка;218b14bbeef8132ab0a9ffcad9ec60fc.jpg;https://ru.sas.am/categories/%D0%92%D1%8B%D0%BF%D0%B5%D1%87%D0%BA%D0%B0_1061/;False
Булочка;a120d139f7073cb7dfcdf350e96426be.jpg;https://ru.sas.am/categories/%D0%91%D1%83%D0%BB%D0%BE%D1%87%D0%BA%D0%B0_1074/;False
Слойки;798bebc96d42de0ff1489cddff953f57.jpg;https://ru.sas.am/categories/%D0%A1%D0%BB%D0%BE%D0%B9%D0%BA%D0%B8__2753/;False
Пирожок;4a64120882b923655e26162d3dc44462.jpg;https://ru.sas.am/categories/%D0%9F%D0%B8%D1%80%D0%BE%D0%B6%D0%BE%D0%BA_1076/;False
Другие;b50cdb8555e558801f619688830743ec.jpg;https://ru.sas.am/categories/%D0%94%D1%80%D1%83%D0%B3%D0%B8%D0%B5_3247/;False
Донатс;f91392cd2efaea703eece8df33acfb75.jpg;https://ru.sas.am/categories/%D0%94%D0%BE%D0%BD%D0%B0%D1%82%D1%81_3246/;False
Пирожное;8c7ccbf02de5df6b3bd050a96d88d350.png;https://ru.sas.am/categories/%D0%9F%D0%B8%D1%80%D0%BE%D0%B6%D0%BD%D0%BE%D0%B5_1060/;False
Бисквитное;cb33bb0048e440ca090e48d962285b16.jpg;https://ru.sas.am/categories/%D0%91%D0%B8%D1%81%D0%BA%D0%B2%D0%B8%D1%82%D0%BD%D0%BE%D0%B5__1069/;False
Песочное;edb6ee47ee591ecb82fd4267092b483a.jpg;https://ru.sas.am/categories/%D0%9F%D0%B5%D1%81%D0%BE%D1%87%D0%BD%D0%BE%D0%B5__1072/;False
Слоеное;c051201051fdc87c6addc6de7e14122c.jpg;https://ru.sas.am/categories/%D0%A1%D0%BB%D0%BE%D0%B5%D0%BD%D0%BE%D0%B5__1073/;False
Другие;4c106053355df74cf213b4d9a7276d9d.jpg;https://ru.sas.am/categories/%D0%94%D1%80%D1%83%D0%B3%D0%B8%D0%B5_2752/;False
Торт;3d34ca313beb4c6d3560f42fc3cc1899.png;https://ru.sas.am/categories/%D0%A2%D0%BE%D1%80%D1%82_1062/;False
Бисквитный;bc3cf7e7a0903d39ca001b7d938e1d0f.jpg;https://ru.sas.am/categories/%D0%91%D0%B8%D1%81%D0%BA%D0%B2%D0%B8%D1%82%D0%BD%D1%8B%D0%B9__1078/;False
Желе;29a4dbc69797a96892aa67644684e8e7.jpg;https://ru.sas.am/categories/%D0%96%D0%B5%D0%BB%D0%B5_2755/;False
Восточные сладости, гата;709f289f66cc2301e726c24b83133e88.jpg;https://ru.sas.am/categories/%D0%92%D0%BE%D1%81%D1%82%D0%BE%D1%87%D0%BD%D1%8B%D0%B5_%D1%81%D0%BB%D0%B0%D0%B4%D0%BE%D1%81%D1%82%D0%B8_%D0%B3%D0%B0%D1%82%D0%B0_3248/;False
Молочные продукты;f094b87485bfba4f35695a5c0da06b22.png;https://ru.sas.am/categories/%D0%9C%D0%BE%D0%BB%D0%BE%D1%87%D0%BD%D1%8B%D0%B5_%D0%BF%D1%80%D0%BE%D0%B4%D1%83%D0%BA%D1%82%D1%8B_1048/;True
Молоко;d6ec1da3235e0c041a886c7cf6f101ed.jpg;https://ru.sas.am/categories/%D0%9C%D0%BE%D0%BB%D0%BE%D0%BA%D0%BE_2805/;True
Масло, маргарин;2c4de304a66f19ce7b9e71d2a4daa244.jpg;https://ru.sas.am/categories/%D0%9C%D0%B0%D1%81%D0%BB%D0%BE_%D0%BC%D0%B0%D1%80%D0%B3%D0%B0%D1%80%D0%B8%D0%BD_1163/;True
Сгущенное молоко;88f943de17a2429a2f10279edca15400.jpg;https://ru.sas.am/categories/%D0%A1%D0%B3%D1%83%D1%89%D0%B5%D0%BD%D0%BD%D0%BE%D0%B5_%D0%BC%D0%BE%D0%BB%D0%BE%D0%BA%D0%BE_2750/;True
Кефир;7e7eb1ae1f01952adea9fec4eb02aec0.jpg;https://ru.sas.am/categories/%D0%9A%D0%B5%D1%84%D0%B8%D1%80_2806/;True
Тан, окрошка;351ed680e26fafcd9d51e9dd237d41ee.jpg;https://ru.sas.am/categories/%D0%A2%D0%B0%D0%BD_%D0%BE%D0%BA%D1%80%D0%BE%D1%88%D0%BA%D0%B0_2807/;True
Мацони;f1f12534f39a93121e71ce06ce004672.jpg;https://ru.sas.am/categories/%D0%9C%D0%B0%D1%86%D0%BE%D0%BD%D0%B8_2808/;True
Сметана;e3a1ae401001bd7dbe8c3f91caae3290.jpg;https://ru.sas.am/categories/%D0%A1%D0%BC%D0%B5%D1%82%D0%B0%D0%BD%D0%B0_1151/;True
Творожные изделия;bce93e991a6bd3b523f236c34402dfca.jpg;https://ru.sas.am/categories/%D0%A2%D0%B2%D0%BE%D1%80%D0%BE%D0%B6%D0%BD%D1%8B%D0%B5_%D0%B8%D0%B7%D0%B4%D0%B5%D0%BB%D0%B8%D1%8F_1152/;True
Деревенские молочные продукты;fc0bbad5d316298ed6cc5f6a03761224.jpg;https://ru.sas.am/categories/%D0%94%D0%B5%D1%80%D0%B5%D0%B2%D0%B5%D0%BD%D1%81%D0%BA%D0%B8%D0%B5_%D0%BC%D0%BE%D0%BB%D0%BE%D1%87%D0%BD%D1%8B%D0%B5_%D0%BF%D1%80%D0%BE%D0%B4%D1%83%D0%BA%D1%82%D1%8B_6500/;True
Йогурты, сливки;eb79363539beb46b745d115f78e176e7.jpg;https://ru.sas.am/categories/%D0%99%D0%BE%D0%B3%D1%83%D1%80%D1%82%D1%8B_%D1%81%D0%BB%D0%B8%D0%B2%D0%BA%D0%B8_1144/;True
Йогурт питьевой;2e531d3d158ca2112a06a8887d180974.jpg;https://ru.sas.am/categories/%D0%99%D0%BE%D0%B3%D1%83%D1%80%D1%82_%D0%BF%D0%B8%D1%82%D1%8C%D0%B5%D0%B2%D0%BE%D0%B9_1155/;False
Йогурт, пудинг;29fd2ed8ac075ee7c492f08076804371.jpg;https://ru.sas.am/categories/%D0%99%D0%BE%D0%B3%D1%83%D1%80%D1%82_%D0%BF%D1%83%D0%B4%D0%B8%D0%BD%D0%B3_1154/;False
Сливки, коктейль;d435ccee9d242db6ab56b2186af0306f.jpg;https://ru.sas.am/categories/%D0%A1%D0%BB%D0%B8%D0%B2%D0%BA%D0%B8_%D0%BA%D0%BE%D0%BA%D1%82%D0%B5%D0%B9%D0%BB%D1%8C_2800/;False
Другие;e18cc3af74a6e9aec23338960df8356c.jpg;https://ru.sas.am/categories/%D0%94%D1%80%D1%83%D0%B3%D0%B8%D0%B5_2801/;False
Сыр;bde98aa06021e541a158ab111e9e6094.jpg;https://ru.sas.am/categories/%D0%A1%D1%8B%D1%80_1145/;True
Армянский;6495cee061f08226660c8423ffc48a70.jpg;https://ru.sas.am/categories/%D0%90%D1%80%D0%BC%D1%8F%D0%BD%D1%81%D0%BA%D0%B8%D0%B9_2802/;False
Импортный;c6f39362827d75f092f9ede00cb29096.jpg;https://ru.sas.am/categories/%D0%98%D0%BC%D0%BF%D0%BE%D1%80%D1%82%D0%BD%D1%8B%D0%B9_2803/;False
Другие;c9f1148d7d7e8fb1dff42585bcd344d9.jpg;https://ru.sas.am/categories/%D0%94%D1%80%D1%83%D0%B3%D0%B8%D0%B5_2809/;True
Бакалея;09a36efd4b4b11ffdf044bd589a9b29e.png;https://ru.sas.am/categories/%D0%91%D0%B0%D0%BA%D0%B0%D0%BB%D0%B5%D1%8F_1046/;True
;7088d8d4ea00f30506a02398cd52e071.jpg;https://ru.sas.am/categories/%D0%9C%D0%B0%D0%BA%D0%B0%D1%80%D0%BE%D0%BD%D0%BD%D1%8B%D0%B5_%D0%B8%D0%B7%D0%B4%D0%B5%D0%BB%D0%B8%D1%8F_1082/;True
;11e525e670d4520cc4a54f9bf5d2854a.png;https://ru.sas.am/categories/%D0%9C%D0%B0%D0%BA%D0%B0%D1%80%D0%BE%D0%BD%D1%8B_1089/;False
;4d604ed8b86d31a6f6bffa4a330ce8a0.jpg;https://ru.sas.am/categories/%D0%92%D0%B5%D1%80%D0%BC%D0%B8%D1%88%D0%B5%D0%BB%D1%8C_%D0%BB%D0%B0%D0%BF%D1%88%D0%B0_2759/;False
;99068319c680f18507f11cfe2a305da2.jpg;https://ru.sas.am/categories/%D0%A1%D0%BF%D0%B0%D0%B3%D0%B5%D1%82%D1%82%D0%B8_1090/;False
;ef5f4c6d950be78e48729ede234b797d.jpg;https://ru.sas.am/categories/%D0%9B%D0%B0%D0%B7%D0%B0%D0%BD%D1%8C%D1%8F_%D0%BA%D0%B0%D0%BD%D0%BD%D0%B5%D0%BB%D0%BB%D0%BE%D0%BD%D0%B8_1091/;False
;f656de2478272acbe1c7e42e3ea9ff96.jpg;https://ru.sas.am/categories/%D0%94%D1%80%D1%83%D0%B3%D0%B8%D0%B5_2760/;False
;a12310876987e082abca59ceb835cb0a.jpg;https://ru.sas.am/categories/%D0%9A%D1%80%D1%83%D0%BF%D1%8B_1083/;True
;ffad06fe175afcd1a5cf8b1f14b9eb83.jpg;https://ru.sas.am/categories/%D0%93%D1%80%D0%B5%D1%87%D0%BA%D0%B0_1093/;False
;e6e63262bde8ec01628b9bc9ea71e7cf.jpg;https://ru.sas.am/categories/%D0%91%D1%83%D0%BB%D0%B3%D1%83%D1%80_%D0%BA%D1%80%D1%83%D0%BF%D0%B0_%D0%BF%D1%88%D0%B5%D0%BD%D0%B8%D1%87%D0%BD%D0%B0%D1%8F_2762/;False
;7da0a4f1643b9865ba95d2986a5adb72.jpg;https://ru.sas.am/categories/%D0%9C%D0%B0%D0%BD%D0%BD%D0%B0%D1%8F_%D0%BA%D1%80%D1%83%D0%BF%D0%B0_%D0%BF%D0%BE%D0%BB%D0%B1%D0%B0_2763/;False
;993cd731af0f66735fe0d8e8886c3dfd.jpg;https://ru.sas.am/categories/%D0%94%D1%80%D1%83%D0%B3%D0%B8%D0%B5_2764/;False
;71462eda9c20a3132037e42b74ebd262.jpg;https://ru.sas.am/categories/%D0%A0%D0%B8%D1%81_1092/;True
;31b6ae2d1cf967b13e85c6d472877801.jpg;https://ru.sas.am/categories/%D0%9C%D1%83%D0%BA%D0%B0_2756/;True
;8f4a1e7cc8dbe15ecc480480e7c4682f.jpg;https://ru.sas.am/categories/%D0%9F%D1%88%D0%B5%D0%BD%D0%B8%D1%87%D0%BD%D0%B0%D1%8F_2765/;False
;5e2257729c9d0b76361896a255411aa2.jpg;https://ru.sas.am/categories/%D0%94%D1%80%D1%83%D0%B3%D0%B8%D0%B5_2766/;False
;0cc8bba61abd78e6d51f43ae118f530f.jpg;https://ru.sas.am/categories/%D0%9C%D0%B0%D1%81%D0%BB%D0%BE_1084/;True
;b6e78018763ce3f320f2a9c8f87b2eeb.jpg;https://ru.sas.am/categories/%D0%A0%D0%B0%D1%81%D1%82%D0%B8%D1%82%D0%B5%D0%BB%D1%8C%D0%BD%D0%BE%D0%B5_1097/;False
;2df20adfc5930856a1924b4b1e183d6c.jpg;https://ru.sas.am/categories/%D0%A2%D0%BE%D0%BF%D0%BB%D0%B5%D0%BD%D0%BE%D0%B5_1098/;False
;36c7ab2788adfdbbd0c7e39d70a98248.jpg;https://ru.sas.am/categories/%D0%9A%D0%B5%D1%82%D1%87%D1%83%D0%BF_%D0%BC%D0%B0%D0%B9%D0%BE%D0%BD%D0%B5%D0%B7_%D1%81%D0%BE%D1%83%D1%81_1085/;True
;1f3b6368cf2c5d8fdad49d177fa164c0.jpg;https://ru.sas.am/categories/%D0%9A%D0%B5%D1%82%D1%87%D1%83%D0%BF_1099/;False
;360ca4019738ab46fa0344a9d59817ff.jpg;https://ru.sas.am/categories/%D0%A1%D0%BE%D1%83%D1%81_1101/;False
;639736607b7b3f18cd99ff73426a96b1.jpg;https://ru.sas.am/categories/%D0%9C%D0%B0%D0%B9%D0%BE%D0%BD%D0%B5%D0%B7_1100/;False
;1afbd223f45ced5e90d91668e70335c2.jpg;https://ru.sas.am/categories/%D0%93%D0%BE%D1%80%D1%87%D0%B8%D1%86%D0%B0_%D1%85%D1%80%D0%B5%D0%BD_%D1%87%D0%B0%D0%BC%D0%B0%D0%BD_1102/;False
;b56ea1d7e341e95aa03d9b48c2a6a072.jpg;https://ru.sas.am/categories/%D0%94%D1%80%D1%83%D0%B3%D0%B8%D0%B5_2767/;False
;1b5acaf4b442d6cee9e5727bef9a2148.jpg;https://ru.sas.am/categories/%D0%91%D0%BE%D0%B1%D0%BE%D0%B2%D1%8B%D0%B5_5839/;True
;9432ac97aeedaef38b0ba7e0535649e5.jpg;https://ru.sas.am/categories/%D0%93%D0%BE%D1%80%D0%BE%D1%85_%D0%BD%D1%83%D1%82_3037/;False
;6f4ce94a2dc29818badc706ee55f4c1d.jpg;https://ru.sas.am/categories/%D0%A4%D0%B0%D1%81%D0%BE%D0%BB%D1%8C_%D1%87%D0%B5%D1%87%D0%B5%D0%B2%D0%B8%D1%86%D0%B0_3038/;False
;8a6f4d226aa7662349fcb795674e81f0.jpg;https://ru.sas.am/categories/%D0%9F%D1%80%D0%BE%D0%B4%D1%83%D0%BA%D1%82%D1%8B_%D0%B1%D1%8B%D1%81%D1%82%D1%80%D0%BE%D0%B3%D0%BE_%D0%BF%D1%80%D0%B8%D0%B3%D0%BE%D1%82%D0%BE%D0%B2%D0%BB%D0%B5%D0%BD%D0%B8%D1%8F_1086/;True
;6f6b0f93754ad6191b54049d520f7c4d.jpg;https://ru.sas.am/categories/%D0%A1%D1%83%D0%BF_%D0%B1%D1%83%D0%BB%D1%8C%D0%BE%D0%BD_1105/;False
;82ba4471437aaf5fbc07d9fbfba8ccd7.jpg;https://ru.sas.am/categories/%D0%92%D0%B5%D1%80%D0%BC%D0%B8%D1%88%D0%B5%D0%BB%D1%8C_%D0%BB%D0%B0%D0%BF%D1%88%D0%B0_2768/;False
;2914032c500e7eca8c70407ccd833d61.jpg;https://ru.sas.am/categories/%D0%9F%D1%8E%D1%80%D0%B5_2769/;False
;a45417060174a9eb6e1b0abd140b1dab.jpg;https://ru.sas.am/categories/%D0%93%D0%BE%D1%82%D0%BE%D0%B2%D1%8B%D0%B5_%D0%B7%D0%B0%D0%B2%D1%82%D1%80%D0%B0%D0%BA%D0%B8_%D1%85%D0%BB%D0%BE%D0%BF%D1%8C%D1%8F_2757/;True
;88c1b9ded2cc1a1168fdb91cddf17c75.jpg;https://ru.sas.am/categories/%D0%93%D0%BE%D1%82%D0%BE%D0%B2%D1%8B%D0%B9_%D0%B7%D0%B0%D0%B2%D1%82%D1%80%D0%B0%D0%BA_3039/;False
;0d7d2848f3fdb162edc85701824abad2.jpg;https://ru.sas.am/categories/%D0%9A%D0%B0%D1%88%D0%B0_%D0%BC%D1%8E%D1%81%D0%BB%D0%B8_2773/;False
;46f690ecafb2f8bfffd238a57f0e4b73.jpg;https://ru.sas.am/categories/%D0%A5%D0%BB%D0%BE%D0%BF%D1%8C%D1%8F_%D0%B3%D0%B5%D1%80%D0%BA%D1%83%D0%BB%D0%B5%D1%81_2771/;False
;c6cf82d19b64aea2d03b00b11672a54d.jpg;https://ru.sas.am/categories/%D0%94%D1%80%D1%83%D0%B3%D0%B8%D0%B5_3040/;False
;1093ec1e4735463c3acc79ea51907bcb.jpg;https://ru.sas.am/categories/%D0%A1%D0%B0%D1%85%D0%B0%D1%80_%D1%81%D0%BE%D0%BB%D1%8C_%D1%81%D0%BE%D0%B4%D0%B0_1087/;True
;93a9a6f2a61837193871e0c20d380b8e.jpg;https://ru.sas.am/categories/%D0%A1%D0%B0%D1%85%D0%B0%D1%80_1106/;False
;5ab6d17698d880c0b980f7ceef61b3c7.jpg;https://ru.sas.am/categories/%D0%A1%D0%BE%D0%BB%D1%8C_1107/;False
;54d1c871b4ef4e8b31293babf9129359.jpg;https://ru.sas.am/categories/%D0%A1%D0%BE%D0%B4%D0%B0_1108/;False
;ba3d2b75c5b9131964a6ac5ce4746a7c.jpg;https://ru.sas.am/categories/%D0%A3%D0%BA%D1%81%D1%83%D1%81_1103/;True
;458945623a559f9bc7c8c1517eedf8a7.jpg;https://ru.sas.am/categories/%D0%9F%D1%80%D0%B8%D0%BF%D1%80%D0%B0%D0%B2%D1%8B_3041/;True
Сладости;ca065fd606fae5fb3c06875cf04c4e04.png;https://ru.sas.am/categories/%D0%A1%D0%BB%D0%B0%D0%B4%D0%BE%D1%81%D1%82%D0%B8_3103/;True
Орехи;d062a604fba606c9e0dcece05380cbe4.jpg;https://ru.sas.am/categories/%D0%9E%D1%80%D0%B5%D1%85%D0%B8_2819/;True
Грецкий;e2552fe557ad50a1cdb0c97a86ed16c7.jpg;https://ru.sas.am/categories/%D0%93%D1%80%D0%B5%D1%86%D0%BA%D0%B8%D0%B9_2831/;False
Лесной;5e7291a44ab1a7871dc827039065bfba.jpg;https://ru.sas.am/categories/%D0%9B%D0%B5%D1%81%D0%BD%D0%BE%D0%B9_2832/;False
Индийский;67bdeea8e666f4bf2da47331d63c5e79.jpg;https://ru.sas.am/categories/%D0%98%D0%BD%D0%B4%D0%B8%D0%B9%D1%81%D0%BA%D0%B8%D0%B9_2833/;False
Миндаль;009687a1a3290859ed64f1f3509dac78.jpg;https://ru.sas.am/categories/%D0%9C%D0%B8%D0%BD%D0%B4%D0%B0%D0%BB%D1%8C_2834/;False
Фисташки;19b49ef89dbb7a79b4d484d343caf036.jpg;https://ru.sas.am/categories/%D0%A4%D0%B8%D1%81%D1%82%D0%B0%D1%88%D0%BA%D0%B8_5577/;False
Ассорти;5f3c832dfaa237aface0f8dee85c3e58.jpg;https://ru.sas.am/categories/%D0%90%D1%81%D1%81%D0%BE%D1%80%D1%82%D0%B8_2835/;False
Арахис;0bb52591a7692e41b8ab97a49487604a.jpg;https://ru.sas.am/categories/%D0%90%D1%80%D0%B0%D1%85%D0%B8%D1%81_3033/;False
Другие;0f575fd1cb15d0642bb26dd1bf7351b0.jpg;https://ru.sas.am/categories/%D0%94%D1%80%D1%83%D0%B3%D0%B8%D0%B5_2836/;False
Мед;8bece1e1664cf24bce5d9cb4c79ad938.jpg;https://ru.sas.am/categories/%D0%9C%D0%B5%D0%B4_3063/;True
Армянский;03e14fd35de6b1f67b41f2cba2bd1d08.jpg;https://ru.sas.am/categories/%D0%90%D1%80%D0%BC%D1%8F%D0%BD%D1%81%D0%BA%D0%B8%D0%B9_2843/;False
Сухофрукты;ef2cc33d8599e50563ae4765c8fcb248.jpg;https://ru.sas.am/categories/%D0%A1%D1%83%D1%85%D0%BE%D1%84%D1%80%D1%83%D0%BA%D1%82%D1%8B_2820/;True
Изюм;e3a311e902e071e0cc63033f64a0c0b5.jpg;https://ru.sas.am/categories/%D0%98%D0%B7%D1%8E%D0%BC_2837/;False
Чернослив;d6ff3f77e5a79850b8999626eb0907c9.jpg;https://ru.sas.am/categories/%D0%A7%D0%B5%D1%80%D0%BD%D0%BE%D1%81%D0%BB%D0%B8%D0%B2_2838/;False
Абрикос;c7b300eca5b0a87886d9ff9c63c18b16.jpg;https://ru.sas.am/categories/%D0%90%D0%B1%D1%80%D0%B8%D0%BA%D0%BE%D1%81_2839/;False
Экзотические;a54e27dd0cb71a9d3545ad54b6d4cb2b.jpg;https://ru.sas.am/categories/%D0%AD%D0%BA%D0%B7%D0%BE%D1%82%D0%B8%D1%87%D0%B5%D1%81%D0%BA%D0%B8%D0%B5__2840/;False
Ассорти;ad08b6c4a51e3fd5ada92adf8483c0ad.jpg;https://ru.sas.am/categories/%D0%90%D1%81%D1%81%D0%BE%D1%80%D1%82%D0%B8_2841/;False
Суджук сладкий;75da4b2e8d077e85caf17a24158ca26e.jpg;https://ru.sas.am/categories/%D0%A1%D1%83%D0%B4%D0%B6%D1%83%D0%BA_%D1%81%D0%BB%D0%B0%D0%B4%D0%BA%D0%B8%D0%B9_2821/;False
Кислый лаваш;c953369e1c9eb5399eea8d1262f342aa.jpg;https://ru.sas.am/categories/%D0%9A%D0%B8%D1%81%D0%BB%D1%8B%D0%B9_%D0%BB%D0%B0%D0%B2%D0%B0%D1%88_2822/;False
Другие;ac905ae2b2db74124050e7a18237f012.jpg;https://ru.sas.am/categories/%D0%94%D1%80%D1%83%D0%B3%D0%B8%D0%B5_3032/;False
Кондитерские изделия;2086e5812f4c42a10b093555323d0bbe.jpg;https://ru.sas.am/categories/%D0%9A%D0%BE%D0%BD%D0%B4%D0%B8%D1%82%D0%B5%D1%80%D1%81%D0%BA%D0%B8%D0%B5_%D0%B8%D0%B7%D0%B4%D0%B5%D0%BB%D0%B8%D1%8F_1049/;True
Мармелад;d7dcf3dcedd864611457eef620fd184a.jpg;https://ru.sas.am/categories/%D0%9C%D0%B0%D1%80%D0%BC%D0%B5%D0%BB%D0%B0%D0%B4_1192/;False
Желе, пастила;578acdfcac651031975ac47c4794f6e0.jpg;https://ru.sas.am/categories/%D0%96%D0%B5%D0%BB%D0%B5_%D0%BF%D0%B0%D1%81%D1%82%D0%B8%D0%BB%D0%B0_2812/;False
Торт, рулет;77cb5576aa06814dd04920b789baa2e7.jpg;https://ru.sas.am/categories/%D0%A2%D0%BE%D1%80%D1%82_%D1%80%D1%83%D0%BB%D0%B5%D1%82_2813/;False
Вафли;2a528b3721bafb6b6377ed97ea7c6df3.jpg;https://ru.sas.am/categories/%D0%92%D0%B0%D1%84%D0%BB%D0%B8_2815/;False
Восточные сладости;e32923de21ff7eb2ad813acd3f227fb1.jpg;https://ru.sas.am/categories/%D0%92%D0%BE%D1%81%D1%82%D0%BE%D1%87%D0%BD%D1%8B%D0%B5_%D1%81%D0%BB%D0%B0%D0%B4%D0%BE%D1%81%D1%82%D0%B8_1193/;False
Кекс, круассан;ac726433624e95184158712bf6f52a8e.jpg;https://ru.sas.am/categories/%D0%9A%D0%B5%D0%BA%D1%81_%D0%BA%D1%80%D1%83%D0%B0%D1%81%D1%81%D0%B0%D0%BD_2824/;False
Десерт, бисквит;10bcf07993c8fc7acf038c487a7f9cbf.jpg;https://ru.sas.am/categories/%D0%94%D0%B5%D1%81%D0%B5%D1%80%D1%82_%D0%B1%D0%B8%D1%81%D0%BA%D0%B2%D0%B8%D1%82_3029/;False
Печенье, пряник;1bf8d9fa53c256a56cbcdbfebbf09dc6.jpg;https://ru.sas.am/categories/%D0%9F%D0%B5%D1%87%D0%B5%D0%BD%D1%8C%D0%B5_%D0%BF%D1%80%D1%8F%D0%BD%D0%B8%D0%BA_2814/;False
Крекеры, кукурузные палочки;9f7dc6313aae353d56002f751ed811d1.jpg;https://ru.sas.am/categories/%D0%9A%D1%80%D0%B5%D0%BA%D0%B5%D1%80%D1%8B_%D0%BA%D1%83%D0%BA%D1%83%D1%80%D1%83%D0%B7%D0%BD%D1%8B%D0%B5_%D0%BF%D0%B0%D0%BB%D0%BE%D1%87%D0%BA%D0%B8_3030/;False
Другие;9abc66809a67e661c21aba18994d634e.jpg;https://ru.sas.am/categories/%D0%94%D1%80%D1%83%D0%B3%D0%B8%D0%B5_2817/;False
Чипсы, семечки, хлопья;8a4f7f73d40e2e0329ccc4b2884058f6.jpg;https://ru.sas.am/categories/%D0%A7%D0%B8%D0%BF%D1%81%D1%8B_%D1%81%D0%B5%D0%BC%D0%B5%D1%87%D0%BA%D0%B8_%D1%85%D0%BB%D0%BE%D0%BF%D1%8C%D1%8F_1178/;True
Чипсы;93c58da4f0c25660114dd64174ba85ed.jpg;https://ru.sas.am/categories/%D0%A7%D0%B8%D0%BF%D1%81%D1%8B_1208/;False
Семечки;651f62d76fda52f852d2b6dad3590cc9.jpg;https://ru.sas.am/categories/%D0%A1%D0%B5%D0%BC%D0%B5%D1%87%D0%BA%D0%B8_1209/;False
Кукурузные изделия;86998bd1ba9dd4d7eb92cd12e83b58c0.jpg;https://ru.sas.am/categories/%D0%9A%D1%83%D0%BA%D1%83%D1%80%D1%83%D0%B7%D0%BD%D1%8B%D0%B5_%D0%B8%D0%B7%D0%B4%D0%B5%D0%BB%D0%B8%D1%8F__1211/;False
Другие;6221f8ae7cc8dbfd2e5b6f0e0127a7ea.jpg;https://ru.sas.am/categories/%D0%94%D1%80%D1%83%D0%B3%D0%B8%D0%B5_3061/;False
Шоколадные конфеты, крем;278ee27f91b0ef26fb9408595ee5ad33.jpg;https://ru.sas.am/categories/%D0%A8%D0%BE%D0%BA%D0%BE%D0%BB%D0%B0%D0%B4%D0%BD%D1%8B%D0%B5_%D0%BA%D0%BE%D0%BD%D1%84%D0%B5%D1%82%D1%8B_%D0%BA%D1%80%D0%B5%D0%BC_2810/;True
Наборы конфет;6ab8f14fc015cf420446c593fb10e2c9.jpg;https://ru.sas.am/categories/%D0%9D%D0%B0%D0%B1%D0%BE%D1%80%D1%8B_%D0%BA%D0%BE%D0%BD%D1%84%D0%B5%D1%82_1170/;False
Конфеты развесные;87743996ed4ef3a986a0a7c39d76dd65.jpg;https://ru.sas.am/categories/%D0%9A%D0%BE%D0%BD%D1%84%D0%B5%D1%82%D1%8B_%D1%80%D0%B0%D0%B7%D0%B2%D0%B5%D1%81%D0%BD%D1%8B%D0%B5_3031/;False
Плитка;8462fab41cc47c0d2afb1dcf2a86fa7b.jpg;https://ru.sas.am/categories/%D0%9F%D0%BB%D0%B8%D1%82%D0%BA%D0%B0_2825/;False
Батончик;c615cd4091b53a48bc4faa7582d9c3d8.jpg;https://ru.sas.am/categories/%D0%91%D0%B0%D1%82%D0%BE%D0%BD%D1%87%D0%B8%D0%BA_1187/;False
Крем;fe7f4eabb506006052b9ee146dfa5519.jpg;https://ru.sas.am/categories/%D0%9A%D1%80%D0%B5%D0%BC_2826/;False
Жевательная резинка, конфеты;aaee3c74c98021ae144c3b71f45708e9.jpg;https://ru.sas.am/categories/%D0%96%D0%B5%D0%B2%D0%B0%D1%82%D0%B5%D0%BB%D1%8C%D0%BD%D0%B0%D1%8F_%D1%80%D0%B5%D0%B7%D0%B8%D0%BD%D0%BA%D0%B0_%D0%BA%D0%BE%D0%BD%D1%84%D0%B5%D1%82%D1%8B_2818/;True
Жевательная резинка;2d8e837fd5b9fe1f859cb9bba6632ad1.jpg;https://ru.sas.am/categories/%D0%96%D0%B5%D0%B2%D0%B0%D1%82%D0%B5%D0%BB%D1%8C%D0%BD%D0%B0%D1%8F_%D1%80%D0%B5%D0%B7%D0%B8%D0%BD%D0%BA%D0%B0_2828/;False
Конфеты в упаковке;36afd60720558a66325215c98ee50e22.jpg;https://ru.sas.am/categories/%D0%9A%D0%BE%D0%BD%D1%84%D0%B5%D1%82%D1%8B_%D0%B2_%D1%83%D0%BF%D0%B0%D0%BA%D0%BE%D0%B2%D0%BA%D0%B5_2829/;False
Конфеты развесные;d21ec914c2f28f905b431f8ffa2f0cfb.jpg;https://ru.sas.am/categories/%D0%9A%D0%BE%D0%BD%D1%84%D0%B5%D1%82%D1%8B_%D1%80%D0%B0%D0%B7%D0%B2%D0%B5%D1%81%D0%BD%D1%8B%D0%B5_3755/;False
Соки и напитки;1ef108e003ba4385ac904558d9056361.png;https://ru.sas.am/categories/%D0%A1%D0%BE%D0%BA%D0%B8_%D0%B8_%D0%BD%D0%B0%D0%BF%D0%B8%D1%82%D0%BA%D0%B8_1050/;True
Напитки;9b6f466a46b0eadb918979fb57a06841.jpg;https://ru.sas.am/categories/%D0%9D%D0%B0%D0%BF%D0%B8%D1%82%D0%BA%D0%B8_2857/;True
Натуральный сок;8266974f7238162a6d2a5f7901252d11.jpg;https://ru.sas.am/categories/%D0%9D%D0%B0%D1%82%D1%83%D1%80%D0%B0%D0%BB%D1%8C%D0%BD%D1%8B%D0%B9_%D1%81%D0%BE%D0%BA_1221/;False
Компот, сироп;36ae4b7415f6063b3ba99687f46785bf.jpg;https://ru.sas.am/categories/%D0%9A%D0%BE%D0%BC%D0%BF%D0%BE%D1%82_%D1%81%D0%B8%D1%80%D0%BE%D0%BF_2858/;False
Освежающий напиток;6a05c9f5bff51ef57dde395f2bcc4096.jpg;https://ru.sas.am/categories/%D0%9E%D1%81%D0%B2%D0%B5%D0%B6%D0%B0%D1%8E%D1%89%D0%B8%D0%B9_%D0%BD%D0%B0%D0%BF%D0%B8%D1%82%D0%BE%D0%BA_2859/;False
Вода;f998c1b90e0443de76c5b38fb940d3de.jpg;https://ru.sas.am/categories/%D0%92%D0%BE%D0%B4%D0%B0_3028/;False
Другие;2bbc4ddaf64fcb7655d586dded544547.jpg;https://ru.sas.am/categories/%D0%94%D1%80%D1%83%D0%B3%D0%B8%D0%B5_2860/;False
Какао, кисель;b6875d9cd4f440d761e7bfad0677eb59.jpg;https://ru.sas.am/categories/%D0%9A%D0%B0%D0%BA%D0%B0%D0%BE_%D0%BA%D0%B8%D1%81%D0%B5%D0%BB%D1%8C_1212/;True
Горячий шоколад, капучино;cfcae3255e908a8b7c411756d65f4481.jpg;https://ru.sas.am/categories/%D0%93%D0%BE%D1%80%D1%8F%D1%87%D0%B8%D0%B9_%D1%88%D0%BE%D0%BA%D0%BE%D0%BB%D0%B0%D0%B4_%D0%BA%D0%B0%D0%BF%D1%83%D1%87%D0%B8%D0%BD%D0%BE__2856/;True
Слабоалкогольные напитки;afaa2ad57ddb34bae143f75faba99343.jpg;https://ru.sas.am/categories/%D0%A1%D0%BB%D0%B0%D0%B1%D0%BE%D0%B0%D0%BB%D0%BA%D0%BE%D0%B3%D0%BE%D0%BB%D1%8C%D0%BD%D1%8B%D0%B5_%D0%BD%D0%B0%D0%BF%D0%B8%D1%82%D0%BA%D0%B8_1051/;True
Коктейль, энергетический напиток;dc74bd2cfb9d87a58e784842f5b50061.jpg;https://ru.sas.am/categories/%D0%9A%D0%BE%D0%BA%D1%82%D0%B5%D0%B9%D0%BB%D1%8C_%D1%8D%D0%BD%D0%B5%D1%80%D0%B3%D0%B5%D1%82%D0%B8%D1%87%D0%B5%D1%81%D0%BA%D0%B8%D0%B9_%D0%BD%D0%B0%D0%BF%D0%B8%D1%82%D0%BE%D0%BA_1232/;False
Другие;8bdca33f242d044f9d6b6f9bf188af19.jpg;https://ru.sas.am/categories/%D0%94%D1%80%D1%83%D0%B3%D0%B8%D0%B5_3078/;False
Кофе и чай;d85f475444b295a17503d925149df185.png;https://ru.sas.am/categories/%D0%9A%D0%BE%D1%84%D0%B5_%D0%B8_%D1%87%D0%B0%D0%B9_2846/;True
Кофе;e914fb5418c5aa9be2fb8d280da603cb.jpg;https://ru.sas.am/categories/%D0%9A%D0%BE%D1%84%D0%B5_7475/;True
Развесной;72c187e2449ca83882721a5f09808b89.jpg;https://ru.sas.am/categories/%D0%A0%D0%B0%D0%B7%D0%B2%D0%B5%D1%81%D0%BD%D0%BE%D0%B9_2852/;False
В упаковке;f740a9f68b95400e2c5f8e7286b64ddf.jpg;https://ru.sas.am/categories/%D0%92_%D1%83%D0%BF%D0%B0%D0%BA%D0%BE%D0%B2%D0%BA%D0%B5_2854/;False
Растворимый;4f19134376fbc681dc2244f7282607f7.jpg;https://ru.sas.am/categories/%D0%A0%D0%B0%D1%81%D1%82%D0%B2%D0%BE%D1%80%D0%B8%D0%BC%D1%8B%D0%B9_2855/;False
Холодный;ed8c2fa8b98003a8a9c672ebb0d5eaf9.jpg;https://ru.sas.am/categories/%D0%A5%D0%BE%D0%BB%D0%BE%D0%B4%D0%BD%D1%8B%D0%B9__3770/;False
Другой;f0187f908ea5f639fd48ef9773511843.jpg;https://ru.sas.am/categories/%D0%94%D1%80%D1%83%D0%B3%D0%BE%D0%B9_3065/;False
Чай;35693fe7e61cd0e2bbd3910eebf76382.jpg;https://ru.sas.am/categories/%D0%A7%D0%B0%D0%B9_2845/;True
В пакетиках;ce260505fc0abbfc17fb106305b1d124.jpg;https://ru.sas.am/categories/%D0%92_%D0%BF%D0%B0%D0%BA%D0%B5%D1%82%D0%B8%D0%BA%D0%B0%D1%85__2847/;False
Растворимый;43632332d9cb2a96725f34d66518fde2.jpg;https://ru.sas.am/categories/%D0%A0%D0%B0%D1%81%D1%82%D0%B2%D0%BE%D1%80%D0%B8%D0%BC%D1%8B%D0%B9_2848/;False
Листовой;bc09e208babb6262bd610005256de65d.jpg;https://ru.sas.am/categories/%D0%9B%D0%B8%D1%81%D1%82%D0%BE%D0%B2%D0%BE%D0%B9_2849/;False
Холодный;1ac5d44db259f59b787f90aeb8dd3ff8.jpg;https://ru.sas.am/categories/%D0%A5%D0%BE%D0%BB%D0%BE%D0%B4%D0%BD%D1%8B%D0%B9__5220/;False
Алкогольные напитки;6c7eaf5f18b375bc6497846718706919.png;https://ru.sas.am/categories/%D0%90%D0%BB%D0%BA%D0%BE%D0%B3%D0%BE%D0%BB%D1%8C%D0%BD%D1%8B%D0%B5_%D0%BD%D0%B0%D0%BF%D0%B8%D1%82%D0%BA%D0%B8_1052/;True
Вино;64f028e4a490ff08941bfc532ad6ec9a.jpg;https://ru.sas.am/categories/%D0%92%D0%B8%D0%BD%D0%BE_1236/;True
Армянское;9936f2699281c071f87cde26a6f6c76f.jpg;https://ru.sas.am/categories/%D0%90%D1%80%D0%BC%D1%8F%D0%BD%D1%81%D0%BA%D0%BE%D0%B5_2865/;False
Импортное;8a9760f36dc5bf3cbbe9aa86a251410f.jpg;https://ru.sas.am/categories/%D0%98%D0%BC%D0%BF%D0%BE%D1%80%D1%82%D0%BD%D0%BE%D0%B5_2866/;False
Вермут;7fbc6c3c7e4a95c0f1911c868fa1c3f8.jpg;https://ru.sas.am/categories/%D0%92%D0%B5%D1%80%D0%BC%D1%83%D1%82_2870/;True
Шампанское, игристое вино;dd6c6b3796141ec6d8cef227de267fa0.jpg;https://ru.sas.am/categories/%D0%A8%D0%B0%D0%BC%D0%BF%D0%B0%D0%BD%D1%81%D0%BA%D0%BE%D0%B5_%D0%B8%D0%B3%D1%80%D0%B8%D1%81%D1%82%D0%BE%D0%B5_%D0%B2%D0%B8%D0%BD%D0%BE_2871/;True
Коньяк, бренди;5e826d17a883c59072addf2c450a0de9.jpg;https://ru.sas.am/categories/%D0%9A%D0%BE%D0%BD%D1%8C%D1%8F%D0%BA_%D0%B1%D1%80%D0%B5%D0%BD%D0%B4%D0%B8_1239/;True
Армянский;d0eea2ae693ff4b74735cc3da87bde1c.jpg;https://ru.sas.am/categories/%D0%90%D1%80%D0%BC%D1%8F%D0%BD%D1%81%D0%BA%D0%B8%D0%B9_1246/;False
Импортный;490876b6cc22a425c5e993c40c255fb3.jpg;https://ru.sas.am/categories/%D0%98%D0%BC%D0%BF%D0%BE%D1%80%D1%82%D0%BD%D1%8B%D0%B9_1247/;False
Виски;260e004f44a38b591b8b45e6762c2c2c.jpg;https://ru.sas.am/categories/%D0%92%D0%B8%D1%81%D0%BA%D0%B8_1248/;True
Водка;41f9c0a112fe34a4ebeb6a0317357b89.jpg;https://ru.sas.am/categories/%D0%92%D0%BE%D0%B4%D0%BA%D0%B0_1237/;True
Армянская;9ee73ba0f4550c31a3d49f75872f6e9f.jpg;https://ru.sas.am/categories/%D0%90%D1%80%D0%BC%D1%8F%D0%BD%D1%81%D0%BA%D0%B0%D1%8F_4104/;False
Импортная;3558c6043e7444f6e4aaa6f996e992e3.jpg;https://ru.sas.am/categories/%D0%98%D0%BC%D0%BF%D0%BE%D1%80%D1%82%D0%BD%D0%B0%D1%8F_4105/;False
Пиво;e664657e3fc58c2f66ac73fd3c79a683.jpg;https://ru.sas.am/categories/%D0%9F%D0%B8%D0%B2%D0%BE_1231/;True
Армянское;519be4ab13ade9d8471ac7662eecc18e.jpg;https://ru.sas.am/categories/%D0%90%D1%80%D0%BC%D1%8F%D0%BD%D1%81%D0%BA%D0%BE%D0%B5_1233/;False
Импортное;599c4faf5ad252f72c50f5fa25db0f84.jpg;https://ru.sas.am/categories/%D0%98%D0%BC%D0%BF%D0%BE%D1%80%D1%82%D0%BD%D0%BE%D0%B5_1235/;False
Все к пиву;37816cd587f40063e84ad889844b450a.jpg;https://ru.sas.am/categories/%D0%92%D1%81%D0%B5_%D0%BA_%D0%BF%D0%B8%D0%B2%D1%83_3079/;False
Ром, текила;c7a71bb9472d37b705974d3de68d39d4.jpg;https://ru.sas.am/categories/%D0%A0%D0%BE%D0%BC_%D1%82%D0%B5%D0%BA%D0%B8%D0%BB%D0%B0_1250/;True
Джин, абсент;05d130e8bf229c6e3404daca4edbc79d.jpg;https://ru.sas.am/categories/%D0%94%D0%B6%D0%B8%D0%BD_%D0%B0%D0%B1%D1%81%D0%B5%D0%BD%D1%82_1251/;True
Ликер;8380a36625bc4120e3926df218d33cc8.jpg;https://ru.sas.am/categories/%D0%9B%D0%B8%D0%BA%D0%B5%D1%80_1241/;True
Другие;b92dd891f3eb1087d90ff418db000937.jpg;https://ru.sas.am/categories/%D0%94%D1%80%D1%83%D0%B3%D0%B8%D0%B5_2872/;True
Табачные изделия;1f32a176192064ab1364fd179034458e.png;https://ru.sas.am/categories/%D0%A2%D0%B0%D0%B1%D0%B0%D1%87%D0%BD%D1%8B%D0%B5_%D0%B8%D0%B7%D0%B4%D0%B5%D0%BB%D0%B8%D1%8F_1242/;True
Товары и аксессуары без дыма;15ee9723bd9b8b924e570354c978cce2.jpg;https://ru.sas.am/categories/%D0%A2%D0%BE%D0%B2%D0%B0%D1%80%D1%8B_%D0%B8_%D0%B0%D0%BA%D1%81%D0%B5%D1%81%D1%81%D1%83%D0%B0%D1%80%D1%8B_%D0%B1%D0%B5%D0%B7_%D0%B4%D1%8B%D0%BC%D0%B0_7165/;True
Сигара, сигарилла, табак;04a1af69e3e104077ab8baf990cbb719.jpg;https://ru.sas.am/categories/%D0%A1%D0%B8%D0%B3%D0%B0%D1%80%D0%B0_%D1%81%D0%B8%D0%B3%D0%B0%D1%80%D0%B8%D0%BB%D0%BB%D0%B0_%D1%82%D0%B0%D0%B1%D0%B0%D0%BA_1255/;True
Сигареты;180879ffbc731e95cf38cc216c6f641a.jpg;https://ru.sas.am/categories/%D0%A1%D0%B8%D0%B3%D0%B0%D1%80%D0%B5%D1%82%D1%8B_2873/;True
Армянские;7bb0db1b32a4a6038a0bf02e571c1fc5.jpg;https://ru.sas.am/categories/%D0%90%D1%80%D0%BC%D1%8F%D0%BD%D1%81%D0%BA%D0%B8%D0%B5_2874/;False
Импортные;dcfbdf47c847e31489d711011fc27dc6.jpg;https://ru.sas.am/categories/%D0%98%D0%BC%D0%BF%D0%BE%D1%80%D1%82%D0%BD%D1%8B%D0%B5_2875/;False
Мясные продукты;83d9286b36c656116ee1c33f53fe47aa.png;https://ru.sas.am/categories/%D0%9C%D1%8F%D1%81%D0%BD%D1%8B%D0%B5_%D0%BF%D1%80%D0%BE%D0%B4%D1%83%D0%BA%D1%82%D1%8B_2877/;True
Свежее мясо;f00ee844935d32c1c790ee967b6c82fe.jpg;https://ru.sas.am/categories/%D0%A1%D0%B2%D0%B5%D0%B6%D0%B5%D0%B5_%D0%BC%D1%8F%D1%81%D0%BE_3024/;True
Говядина;458128315b2a49c69c17408cb29b985c.jpg;https://ru.sas.am/categories/%D0%93%D0%BE%D0%B2%D1%8F%D0%B4%D0%B8%D0%BD%D0%B0_2878/;False
Свинина;be4c6ea41bd2166d62af4c6fe24cad7d.jpg;https://ru.sas.am/categories/%D0%A1%D0%B2%D0%B8%D0%BD%D0%B8%D0%BD%D0%B0_2879/;False
Баранина;437f4fa9a9c85ce847f83c45167219f0.jpg;https://ru.sas.am/categories/%D0%91%D0%B0%D1%80%D0%B0%D0%BD%D0%B8%D0%BD%D0%B0_2880/;False
Вареные мясопродукты;08f79ccbc808c6726077b0c89026a608.jpg;https://ru.sas.am/categories/%D0%92%D0%B0%D1%80%D0%B5%D0%BD%D1%8B%D0%B5_%D0%BC%D1%8F%D1%81%D0%BE%D0%BF%D1%80%D0%BE%D0%B4%D1%83%D0%BA%D1%82%D1%8B_2887/;True
Вареная колбаса;8c2b432d88de61fd0b5a634a2ff62c60.jpg;https://ru.sas.am/categories/%D0%92%D0%B0%D1%80%D0%B5%D0%BD%D0%B0%D1%8F_%D0%BA%D0%BE%D0%BB%D0%B1%D0%B0%D1%81%D0%B0_1282/;False
Ветчина;8688a43fffffaa65779b176d0bd4cd73.jpg;https://ru.sas.am/categories/%D0%92%D0%B5%D1%82%D1%87%D0%B8%D0%BD%D0%B0_1284/;False
Сосиски, сардельки;26a72caf15249774937bea13a04237e6.jpg;https://ru.sas.am/categories/%D0%A1%D0%BE%D1%81%D0%B8%D1%81%D0%BA%D0%B8_%D1%81%D0%B0%D1%80%D0%B4%D0%B5%D0%BB%D1%8C%D0%BA%D0%B8_1286/;False
Копченые мясопродукты;8ef3c7b563753ac5829fcdda9bb86430.jpg;https://ru.sas.am/categories/%D0%9A%D0%BE%D0%BF%D1%87%D0%B5%D0%BD%D1%8B%D0%B5_%D0%BC%D1%8F%D1%81%D0%BE%D0%BF%D1%80%D0%BE%D0%B4%D1%83%D0%BA%D1%82%D1%8B_2888/;True
Варено-копченая, полукопченая колбаса;6c7b36507166872eeba5338c08ac0609.jpg;https://ru.sas.am/categories/%D0%92%D0%B0%D1%80%D0%B5%D0%BD%D0%BE_%D0%BA%D0%BE%D0%BF%D1%87%D0%B5%D0%BD%D0%B0%D1%8F_%D0%BF%D0%BE%D0%BB%D1%83%D0%BA%D0%BE%D0%BF%D1%87%D0%B5%D0%BD%D0%B0%D1%8F_%D0%BA%D0%BE%D0%BB%D0%B1%D0%B0%D1%81%D0%B0__3020/;False
Сырокопченая колбаса;bd9250730d3d30246846f17af9e213f1.jpg;https://ru.sas.am/categories/%D0%A1%D1%8B%D1%80%D0%BE%D0%BA%D0%BE%D0%BF%D1%87%D0%B5%D0%BD%D0%B0%D1%8F_%D0%BA%D0%BE%D0%BB%D0%B1%D0%B0%D1%81%D0%B0_3021/;False
Другие;e7dd2f53fdf20acdcd0f29fedda40846.jpg;https://ru.sas.am/categories/%D0%94%D1%80%D1%83%D0%B3%D0%B8%D0%B5_3083/;False
Мясной деликатес;7ca65301ae22ca68d611af47d3614ad1.jpg;https://ru.sas.am/categories/%D0%9C%D1%8F%D1%81%D0%BD%D0%BE%D0%B9_%D0%B4%D0%B5%D0%BB%D0%B8%D0%BA%D0%B0%D1%82%D0%B5%D1%81_3022/;True
Бастурма и суджук;5e4c9033246423518591099c88e80e8b.jpg;https://ru.sas.am/categories/%D0%91%D0%B0%D1%81%D1%82%D1%83%D1%80%D0%BC%D0%B0_%D0%B8_%D1%81%D1%83%D0%B4%D0%B6%D1%83%D0%BA_1275/;True
Мясная нарезка;d346a2883e860604af95090cfeae635f.jpg;https://ru.sas.am/categories/%D0%9C%D1%8F%D1%81%D0%BD%D0%B0%D1%8F_%D0%BD%D0%B0%D1%80%D0%B5%D0%B7%D0%BA%D0%B0_3023/;True
Птица и яйца;1f96b3b3a83ff4ac9f29738561e68a8f.png;https://ru.sas.am/categories/%D0%9F%D1%82%D0%B8%D1%86%D0%B0_%D0%B8_%D1%8F%D0%B9%D1%86%D0%B0_3135/;True
Птица;4140e0f12365047cc1bea5ba1c70f4e0.jpg;https://ru.sas.am/categories/%D0%9F%D1%82%D0%B8%D1%86%D0%B0_2881/;True
Курица, цыпленок;4f18e482acfe86d44d89183d5f528157.jpg;https://ru.sas.am/categories/%D0%9A%D1%83%D1%80%D0%B8%D1%86%D0%B0_%D1%86%D1%8B%D0%BF%D0%BB%D0%B5%D0%BD%D0%BE%D0%BA_2884/;False
Другие;86e4aeebf3815b1398603f510f5b44ba.jpg;https://ru.sas.am/categories/%D0%94%D1%80%D1%83%D0%B3%D0%B8%D0%B5_2885/;False
Яйца;61d4198c79d5170fad0821bdb442368d.jpg;https://ru.sas.am/categories/%D0%AF%D0%B9%D1%86%D0%B0_1147/;True
Рыба и морепродукты;9b677afaad5caf105b5d6503b1f66c8e.png;https://ru.sas.am/categories/%D0%A0%D1%8B%D0%B1%D0%B0_%D0%B8_%D0%BC%D0%BE%D1%80%D0%B5%D0%BF%D1%80%D0%BE%D0%B4%D1%83%D0%BA%D1%82%D1%8B_2889/;True
Живая рыба;914722f9ea2fa768898924730aeb47fc.jpg;https://ru.sas.am/categories/%D0%96%D0%B8%D0%B2%D0%B0%D1%8F_%D1%80%D1%8B%D0%B1%D0%B0_2882/;True
Морепродукты;1c3cd91600f74f9466c32cd3aa6f62a9.jpg;https://ru.sas.am/categories/%D0%9C%D0%BE%D1%80%D0%B5%D0%BF%D1%80%D0%BE%D0%B4%D1%83%D0%BA%D1%82%D1%8B_2883/;True
Копченая рыба;3b3d0518b1bfc0af246e44860c72c738.jpg;https://ru.sas.am/categories/%D0%9A%D0%BE%D0%BF%D1%87%D0%B5%D0%BD%D0%B0%D1%8F_%D1%80%D1%8B%D0%B1%D0%B0_2890/;True
Пресервы;13237e10f67688272ca0acabb71a4561.jpg;https://ru.sas.am/categories/%D0%9F%D1%80%D0%B5%D1%81%D0%B5%D1%80%D0%B2%D1%8B_2891/;True
Импортные свежие морепродукты;53ee15be966b2e98b4b37f8b1b9768c9.jpg;https://ru.sas.am/categories/%D0%98%D0%BC%D0%BF%D0%BE%D1%80%D1%82%D0%BD%D1%8B%D0%B5_%D1%81%D0%B2%D0%B5%D0%B6%D0%B8%D0%B5_%D0%BC%D0%BE%D1%80%D0%B5%D0%BF%D1%80%D0%BE%D0%B4%D1%83%D0%BA%D1%82%D1%8B_6904/;True
Замороженная рыба;a13bdb3ebd24f2549e78f07ed697bb4e.jpg;https://ru.sas.am/categories/%D0%97%D0%B0%D0%BC%D0%BE%D1%80%D0%BE%D0%B6%D0%B5%D0%BD%D0%BD%D0%B0%D1%8F_%D1%80%D1%8B%D0%B1%D0%B0_6270/;True
Икра;692f37498d78b5bd43f439ba5f157457.jpg;https://ru.sas.am/categories/%D0%98%D0%BA%D1%80%D0%B0_1299/;True
Другие;3b902b18d041e3e509693c3d67ab1b99.jpg;https://ru.sas.am/categories/%D0%94%D1%80%D1%83%D0%B3%D0%B8%D0%B5_3018/;True
Замороженные продукты;e54b876f547af89f796a72a3a26d0922.png;https://ru.sas.am/categories/%D0%97%D0%B0%D0%BC%D0%BE%D1%80%D0%BE%D0%B6%D0%B5%D0%BD%D0%BD%D1%8B%D0%B5_%D0%BF%D1%80%D0%BE%D0%B4%D1%83%D0%BA%D1%82%D1%8B_1056/;True
Птица;3b27ae59985bc5abb45cb5189f938983.jpg;https://ru.sas.am/categories/%D0%9F%D1%82%D0%B8%D1%86%D0%B0_1311/;True
Индейка;40c3c0a0f034868129df0fce7c43e6fd.jpg;https://ru.sas.am/categories/%D0%98%D0%BD%D0%B4%D0%B5%D0%B9%D0%BA%D0%B0_1326/;False
Курица, цыпленок;69a78feb7452848c8689a4c528e5017d.jpg;https://ru.sas.am/categories/%D0%9A%D1%83%D1%80%D0%B8%D1%86%D0%B0_%D1%86%D1%8B%D0%BF%D0%BB%D0%B5%D0%BD%D0%BE%D0%BA_2897/;False
Рыба, морепродукты;bb56e2bc7f1dd7dbef2438dc95369604.jpg;https://ru.sas.am/categories/%D0%A0%D1%8B%D0%B1%D0%B0_%D0%BC%D0%BE%D1%80%D0%B5%D0%BF%D1%80%D0%BE%D0%B4%D1%83%D0%BA%D1%82%D1%8B_1327/;True
Лед;2506cea6649c11fe97846f213badcf2b.jpg;https://ru.sas.am/categories/%D0%9B%D0%B5%D0%B4_2902/;True
Овощи, фрукты, ягоды;98d7e5cf39778b24e4b31704fa8882d8.jpg;https://ru.sas.am/categories/%D0%9E%D0%B2%D0%BE%D1%89%D0%B8_%D1%84%D1%80%D1%83%D0%BA%D1%82%D1%8B_%D1%8F%D0%B3%D0%BE%D0%B4%D1%8B_1313/;True
Полуфабрикаты;255c718b6dd295d85e2c048a194a990f.jpg;https://ru.sas.am/categories/%D0%9F%D0%BE%D0%BB%D1%83%D1%84%D0%B0%D0%B1%D1%80%D0%B8%D0%BA%D0%B0%D1%82%D1%8B_1310/;True
Блины;9f3da3f4c87fe1aa3c78c8e3bbb3b393.jpg;https://ru.sas.am/categories/%D0%91%D0%BB%D0%B8%D0%BD%D1%8B_1317/;False
Пельмени;67f26e2b3380771b4f2c5ed1263cef04.jpg;https://ru.sas.am/categories/%D0%9F%D0%B5%D0%BB%D1%8C%D0%BC%D0%B5%D0%BD%D0%B8_2894/;False
Вареники, хинкали;9b404db225b6198af276b8abe3d2f3a9.jpg;https://ru.sas.am/categories/%D0%92%D0%B0%D1%80%D0%B5%D0%BD%D0%B8%D0%BA%D0%B8_%D1%85%D0%B8%D0%BD%D0%BA%D0%B0%D0%BB%D0%B8_1315/;False
Ишли, фрикадельки;eba1e54edbf192581b97fab9b0261f5c.jpg;https://ru.sas.am/categories/%D0%98%D1%88%D0%BB%D0%B8_%D1%84%D1%80%D0%B8%D0%BA%D0%B0%D0%B4%D0%B5%D0%BB%D1%8C%D0%BA%D0%B8__2713/;False
Палочки, наггетсы;d7c20d987581ae8a752252621fb83d0d.jpg;https://ru.sas.am/categories/%D0%9F%D0%B0%D0%BB%D0%BE%D1%87%D0%BA%D0%B8_%D0%BD%D0%B0%D0%B3%D0%B3%D0%B5%D1%82%D1%81%D1%8B_2714/;False
Котлеты;c7dc79a954848bfb100ef9615df6a64a.jpg;https://ru.sas.am/categories/%D0%9A%D0%BE%D1%82%D0%BB%D0%B5%D1%82%D1%8B_3016/;False
Лепешки для пиццы, пицца;919d9fabc41dd52ee33baf25798d7da2.jpg;https://ru.sas.am/categories/%D0%9B%D0%B5%D0%BF%D0%B5%D1%88%D0%BA%D0%B8_%D0%B4%D0%BB%D1%8F_%D0%BF%D0%B8%D1%86%D1%86%D1%8B_%D0%BF%D0%B8%D1%86%D1%86%D0%B0_1318/;False
Тесто;a44feff9b69f3f351d6f0170e155ac12.jpg;https://ru.sas.am/categories/%D0%A2%D0%B5%D1%81%D1%82%D0%BE_2715/;False
Полуфабрикаты из теста;cd9299c300f32378e66833e12f4b02f5.jpg;https://ru.sas.am/categories/%D0%9F%D0%BE%D0%BB%D1%83%D1%84%D0%B0%D0%B1%D1%80%D0%B8%D0%BA%D0%B0%D1%82%D1%8B_%D0%B8%D0%B7_%D1%82%D0%B5%D1%81%D1%82%D0%B0_2895/;False
Другие;8be2aecd5458011328c22f5a3b6633dc.JPG;https://ru.sas.am/categories/%D0%94%D1%80%D1%83%D0%B3%D0%B8%D0%B5_3017/;False
Мороженое;cb2c9019d1c36eb1dd9a890d390d6741.jpg;https://ru.sas.am/categories/%D0%9C%D0%BE%D1%80%D0%BE%D0%B6%D0%B5%D0%BD%D0%BE%D0%B5_2899/;True
Армянское;b0a411c31b27987fcab40dc06ed3d12f.jpg;https://ru.sas.am/categories/%D0%90%D1%80%D0%BC%D1%8F%D0%BD%D1%81%D0%BA%D0%BE%D0%B5_2900/;False
Импортное;71b6953fabacfc23d3a82c619e1f9901.jpg;https://ru.sas.am/categories/%D0%98%D0%BC%D0%BF%D0%BE%D1%80%D1%82%D0%BD%D0%BE%D0%B5_2901/;False
Другие;0b2c73211a88ba23e5b3b77a22224567.jpg;https://ru.sas.am/categories/%D0%94%D1%80%D1%83%D0%B3%D0%B8%D0%B5_3085/;True
Готовая еда ;01371a19e5a0097f0b8a40d25a99c64e.png;https://ru.sas.am/categories/%D0%93%D0%BE%D1%82%D0%BE%D0%B2%D0%B0%D1%8F_%D0%B5%D0%B4%D0%B0__1054/;True
Салаты;e08320b4f8e5c82fc14c867f29b5d63c.jpg;https://ru.sas.am/categories/%D0%A1%D0%B0%D0%BB%D0%B0%D1%82%D1%8B_2876/;True
Соленье;16cdcee9fcad19a1c9a14b6fe85a0fda.jpg;https://ru.sas.am/categories/%D0%A1%D0%BE%D0%BB%D0%B5%D0%BD%D1%8C%D0%B5_1264/;True
Другие;7db213cf6bb255bdebd398391254eff3.jpg;https://ru.sas.am/categories/%D0%94%D1%80%D1%83%D0%B3%D0%B8%D0%B5_3026/;True
Food Court;41d66fb6f852e63c5fe3774df7188e53.jpg;https://ru.sas.am/categories/Food_Court_6810/;True
Консервированные продукты;33473c119aa754ffb36504079a3f623f.png;https://ru.sas.am/categories/%D0%9A%D0%BE%D0%BD%D1%81%D0%B5%D1%80%D0%B2%D0%B8%D1%80%D0%BE%D0%B2%D0%B0%D0%BD%D0%BD%D1%8B%D0%B5_%D0%BF%D1%80%D0%BE%D0%B4%D1%83%D0%BA%D1%82%D1%8B_1047/;True
Грибные консервы;df1c4de70925bb81435dff7af1069f7b.jpg;https://ru.sas.am/categories/%D0%93%D1%80%D0%B8%D0%B1%D0%BD%D1%8B%D0%B5_%D0%BA%D0%BE%D0%BD%D1%81%D0%B5%D1%80%D0%B2%D1%8B_2784/;True
Шампиньоны;1a3bf17ad5f0c48841db572e975a5772.jpg;https://ru.sas.am/categories/%D0%A8%D0%B0%D0%BC%D0%BF%D0%B8%D0%BD%D1%8C%D0%BE%D0%BD%D1%8B_2787/;False
Другие;36fdde6706c5c5bbc3ed4db0a8901321.jpg;https://ru.sas.am/categories/%D0%94%D1%80%D1%83%D0%B3%D0%B8%D0%B5_2789/;False
Овощные консервы;c0e7753ffe0bef37cc53b127e3b1e64f.jpg;https://ru.sas.am/categories/%D0%9E%D0%B2%D0%BE%D1%89%D0%BD%D1%8B%D0%B5_%D0%BA%D0%BE%D0%BD%D1%81%D0%B5%D1%80%D0%B2%D1%8B_1113/;True
Зеленый горох;ed3d153b6d9089e1e038b130b88c58e7.jpg;https://ru.sas.am/categories/%D0%97%D0%B5%D0%BB%D0%B5%D0%BD%D1%8B%D0%B9_%D0%B3%D0%BE%D1%80%D0%BE%D1%85__1120/;False
Кукуруза;48eae513417e98e408c5db39565b31e8.jpg;https://ru.sas.am/categories/%D0%9A%D1%83%D0%BA%D1%83%D1%80%D1%83%D0%B7%D0%B0_1119/;False
Огурцы;a6f50ea2dc4237bfc248496751bcf749.jpg;https://ru.sas.am/categories/%D0%9E%D0%B3%D1%83%D1%80%D1%86%D1%8B_2791/;False
Помидоры;39179a012c5270867ad04f7ca0d5dc3f.jpg;https://ru.sas.am/categories/%D0%9F%D0%BE%D0%BC%D0%B8%D0%B4%D0%BE%D1%80%D1%8B_2792/;False
Баклажан;c69f2132a5d154572dc3c97e0ea79f10.jpg;https://ru.sas.am/categories/%D0%91%D0%B0%D0%BA%D0%BB%D0%B0%D0%B6%D0%B0%D0%BD_2793/;False
Перец;01a85c7483d24dbb99511044b2188d4f.jpg;https://ru.sas.am/categories/%D0%9F%D0%B5%D1%80%D0%B5%D1%86_3035/;False
Другие;f7fe9e02096b7c2c72008969315fc1dc.jpg;https://ru.sas.am/categories/%D0%94%D1%80%D1%83%D0%B3%D0%B8%D0%B5_2794/;False
Паста томатная;84308e010fdc58dbe52f1d8e9ea36787.jpg;https://ru.sas.am/categories/%D0%9F%D0%B0%D1%81%D1%82%D0%B0_%D1%82%D0%BE%D0%BC%D0%B0%D1%82%D0%BD%D0%B0%D1%8F_2785/;True
Оливки;8befdba6c5e6ba8f9808dae08796ca62.jpg;https://ru.sas.am/categories/%D0%9E%D0%BB%D0%B8%D0%B2%D0%BA%D0%B8_2786/;True
С косточкой;aecba74cb8a8ff97f5cc94293afe3d2f.jpg;https://ru.sas.am/categories/%D0%A1_%D0%BA%D0%BE%D1%81%D1%82%D0%BE%D1%87%D0%BA%D0%BE%D0%B9_2795/;False
Без косточек;5e25b68d1ccb3a0f19b6d02ceeabebba.jpg;https://ru.sas.am/categories/%D0%91%D0%B5%D0%B7_%D0%BA%D0%BE%D1%81%D1%82%D0%BE%D1%87%D0%B5%D0%BA_2796/;False
Резаные, начиненные;62154d91e76712f2a6275a7a2559fd6d.jpg;https://ru.sas.am/categories/%D0%A0%D0%B5%D0%B7%D0%B0%D0%BD%D1%8B%D0%B5_%D0%BD%D0%B0%D1%87%D0%B8%D0%BD%D0%B5%D0%BD%D0%BD%D1%8B%D0%B5_2797/;False
Мясные консервы, паштеты;69f9239e19dcdf4b6121956f389f135e.jpg;https://ru.sas.am/categories/%D0%9C%D1%8F%D1%81%D0%BD%D1%8B%D0%B5_%D0%BA%D0%BE%D0%BD%D1%81%D0%B5%D1%80%D0%B2%D1%8B_%D0%BF%D0%B0%D1%88%D1%82%D0%B5%D1%82%D1%8B_1116/;True
Говядина, свинина, птица;bd3a558db21a810dd12d5c4f662d1990.jpg;https://ru.sas.am/categories/%D0%93%D0%BE%D0%B2%D1%8F%D0%B4%D0%B8%D0%BD%D0%B0_%D1%81%D0%B2%D0%B8%D0%BD%D0%B8%D0%BD%D0%B0_%D0%BF%D1%82%D0%B8%D1%86%D0%B0__3036/;False
Паштеты;1dae934a1dcbd1adaf247624fe64f985.jpg;https://ru.sas.am/categories/%D0%9F%D0%B0%D1%88%D1%82%D0%B5%D1%82%D1%8B_1134/;False
Рыбные консервы;485d38b1c5795cd0ed0232ad8a968eb9.jpg;https://ru.sas.am/categories/%D0%A0%D1%8B%D0%B1%D0%BD%D1%8B%D0%B5_%D0%BA%D0%BE%D0%BD%D1%81%D0%B5%D1%80%D0%B2%D1%8B_1117/;True
В масле;cd0acf8a0265707b09b4311fcefee74b.jpg;https://ru.sas.am/categories/%D0%92_%D0%BC%D0%B0%D1%81%D0%BB%D0%B5_1136/;False
В томатном соусе;ffbe5d1adda356a8d91e97340f0c5247.jpg;https://ru.sas.am/categories/%D0%92_%D1%82%D0%BE%D0%BC%D0%B0%D1%82%D0%BD%D0%BE%D0%BC_%D1%81%D0%BE%D1%83%D1%81%D0%B5_1137/;False
Другие;b93fb87a558b99eb5c4b10b3aebc9520.jpg;https://ru.sas.am/categories/%D0%94%D1%80%D1%83%D0%B3%D0%B8%D0%B5_1140/;False
Фруктовые консервы;90914d0bd30cbdc8f9959c670de08293.jpg;https://ru.sas.am/categories/%D0%A4%D1%80%D1%83%D0%BA%D1%82%D0%BE%D0%B2%D1%8B%D0%B5_%D0%BA%D0%BE%D0%BD%D1%81%D0%B5%D1%80%D0%B2%D1%8B_1115/;True
Варенье;656e8bf38c57f84a99474e579d7a1351.jpg;https://ru.sas.am/categories/%D0%92%D0%B0%D1%80%D0%B5%D0%BD%D1%8C%D0%B5_1127/;False
Джем;66ee13d3caaf8312a9504534d85b7269.jpg;https://ru.sas.am/categories/%D0%94%D0%B6%D0%B5%D0%BC_1128/;False
Другие;c8029bd66bcc0170b355027df8d1218f.jpg;https://ru.sas.am/categories/%D0%94%D1%80%D1%83%D0%B3%D0%B8%D0%B5_3062/;False
Другие;5c2e3c0b34176e6b3ccd41509a40ff29.jpg;https://ru.sas.am/categories/%D0%94%D1%80%D1%83%D0%B3%D0%B8%D0%B5_3244/;True
Свежие овощи и фрукты;5ec4c888b1201f006b74404855f4393d.png;https://ru.sas.am/categories/%D0%A1%D0%B2%D0%B5%D0%B6%D0%B8%D0%B5_%D0%BE%D0%B2%D0%BE%D1%89%D0%B8_%D0%B8_%D1%84%D1%80%D1%83%D0%BA%D1%82%D1%8B_1053/;True
Фрукты;59a89da2346276704f8546b57c7897cd.jpg;https://ru.sas.am/categories/%D0%A4%D1%80%D1%83%D0%BA%D1%82%D1%8B_1257/;True
Ягоды;89485cae689787f5a3039265ce8ee480.jpg;https://ru.sas.am/categories/%D0%AF%D0%B3%D0%BE%D0%B4%D1%8B_1260/;True
Экзотические фрукты;c7ebfb46b443511d96585d6b0f75459c.jpg;https://ru.sas.am/categories/%D0%AD%D0%BA%D0%B7%D0%BE%D1%82%D0%B8%D1%87%D0%B5%D1%81%D0%BA%D0%B8%D0%B5_%D1%84%D1%80%D1%83%D0%BA%D1%82%D1%8B_1261/;True
Овощи;85904354bfd6a84ba30fa174a626197e.jpg;https://ru.sas.am/categories/%D0%9E%D0%B2%D0%BE%D1%89%D0%B8_1258/;True
Зелень;1c35dc2887ce58762a3e77da9b750397.jpg;https://ru.sas.am/categories/%D0%97%D0%B5%D0%BB%D0%B5%D0%BD%D1%8C_1259/;True
Детское питание;be747c60cc80f2b6bd18cb66c9dfc50f.png;https://ru.sas.am/categories/%D0%94%D0%B5%D1%82%D1%81%D0%BA%D0%BE%D0%B5_%D0%BF%D0%B8%D1%82%D0%B0%D0%BD%D0%B8%D0%B5_1339/;True
Молочная смесь;7be9e44a1c1c1792ddd186ef994d3a5f.jpg;https://ru.sas.am/categories/%D0%9C%D0%BE%D0%BB%D0%BE%D1%87%D0%BD%D0%B0%D1%8F_%D1%81%D0%BC%D0%B5%D1%81%D1%8C__1346/;True
Каша;3f216e37d6b5a320f2f9c4fa37703b6c.jpg;https://ru.sas.am/categories/%D0%9A%D0%B0%D1%88%D0%B0_2915/;True
Печенье, пюре;5355d7a5f365c9345066dd521b07b81f.jpg;https://ru.sas.am/categories/%D0%9F%D0%B5%D1%87%D0%B5%D0%BD%D1%8C%D0%B5_%D0%BF%D1%8E%D1%80%D0%B5_2916/;True
Сок, чай;ee16d81a2934a3374a5d9261711eacdb.jpg;https://ru.sas.am/categories/%D0%A1%D0%BE%D0%BA_%D1%87%D0%B0%D0%B9_2917/;True
Другие;0dd90f9d3fcf593879ac12996a5d1103.jpg;https://ru.sas.am/categories/%D0%94%D1%80%D1%83%D0%B3%D0%B8%D0%B5_2918/;True
Без холестерина;7516161580eb203bdff26645f2d2621c.png;https://ru.sas.am/categories/%D0%91%D0%B5%D0%B7_%D1%85%D0%BE%D0%BB%D0%B5%D1%81%D1%82%D0%B5%D1%80%D0%B8%D0%BD%D0%B0_6454/;True
Продукты понижающие холестерин;46172ee1d0b81d513f3d7a0f6f4c5654.jpg;https://ru.sas.am/categories/%D0%9F%D1%80%D0%BE%D0%B4%D1%83%D0%BA%D1%82%D1%8B_%D0%BF%D0%BE%D0%BD%D0%B8%D0%B6%D0%B0%D1%8E%D1%89%D0%B8%D0%B5_%D1%85%D0%BE%D0%BB%D0%B5%D1%81%D1%82%D0%B5%D1%80%D0%B8%D0%BD_6457/;True
Напитки;ae274e32ccd43c793e8afa3059e0d106.jpg;https://ru.sas.am/categories/%D0%9D%D0%B0%D0%BF%D0%B8%D1%82%D0%BA%D0%B8_6467/;False
Фрукты и овощи;991e7e9509ab9102f23794356583db6f.jpg;https://ru.sas.am/categories/%D0%A4%D1%80%D1%83%D0%BA%D1%82%D1%8B_%D0%B8_%D0%BE%D0%B2%D0%BE%D1%89%D0%B8_6468/;False
Соевые продукты;5f3607589de9893973bfef7892e33ae8.jpg;https://ru.sas.am/categories/%D0%A1%D0%BE%D0%B5%D0%B2%D1%8B%D0%B5_%D0%BF%D1%80%D0%BE%D0%B4%D1%83%D0%BA%D1%82%D1%8B_6471/;False
Рыба;00a0dc03e39297abf56d8b13f07d5f38.jpg;https://ru.sas.am/categories/%D0%A0%D1%8B%D0%B1%D0%B0_6476/;False
Продукты с низким и без содержания холестерина;2248ff19c78bb384e5c1d5e601a5e196.jpg;https://ru.sas.am/categories/%D0%9F%D1%80%D0%BE%D0%B4%D1%83%D0%BA%D1%82%D1%8B_%D1%81_%D0%BD%D0%B8%D0%B7%D0%BA%D0%B8%D0%BC_%D0%B8_%D0%B1%D0%B5%D0%B7_%D1%81%D0%BE%D0%B4%D0%B5%D1%80%D0%B6%D0%B0%D0%BD%D0%B8%D1%8F_%D1%85%D0%BE%D0%BB%D0%B5%D1%81%D1%82%D0%B5%D1%80%D0%B8%D0%BD%D0%B0_6456/;True
Хлебобулочные изделия;6243e6cf8daf51806ac50af32be86fdb.jpg;https://ru.sas.am/categories/%D0%A5%D0%BB%D0%B5%D0%B1%D0%BE%D0%B1%D1%83%D0%BB%D0%BE%D1%87%D0%BD%D1%8B%D0%B5_%D0%B8%D0%B7%D0%B4%D0%B5%D0%BB%D0%B8%D1%8F_6472/;False
Молочные продукты;2a40ae64f582f5e047d618cc54796ab4.jpg;https://ru.sas.am/categories/%D0%9C%D0%BE%D0%BB%D0%BE%D1%87%D0%BD%D1%8B%D0%B5_%D0%BF%D1%80%D0%BE%D0%B4%D1%83%D0%BA%D1%82%D1%8B_6473/;False
Бакалея;7e1c8eefb07ab87ddabf3251c8de3720.jpg;https://ru.sas.am/categories/%D0%91%D0%B0%D0%BA%D0%B0%D0%BB%D0%B5%D1%8F_6474/;False
Фрукты и овощи;b7718a8502e4c339a736582f4251827a.jpg;https://ru.sas.am/categories/%D0%A4%D1%80%D1%83%D0%BA%D1%82%D1%8B_%D0%B8_%D0%BE%D0%B2%D0%BE%D1%89%D0%B8_6475/;False
Диабетические продукты;60eb4fd6f93b78dc3ae9166fed86737d.png;https://ru.sas.am/categories/%D0%94%D0%B8%D0%B0%D0%B1%D0%B5%D1%82%D0%B8%D1%87%D0%B5%D1%81%D0%BA%D0%B8%D0%B5_%D0%BF%D1%80%D0%BE%D0%B4%D1%83%D0%BA%D1%82%D1%8B_1057/;True
Сахар, заменитель сахара;2940854bfda9a7b69fffd1a295fbd70a.jpg;https://ru.sas.am/categories/%D0%A1%D0%B0%D1%85%D0%B0%D1%80_%D0%B7%D0%B0%D0%BC%D0%B5%D0%BD%D0%B8%D1%82%D0%B5%D0%BB%D1%8C_%D1%81%D0%B0%D1%85%D0%B0%D1%80%D0%B0_1335/;True
Напитки;ce9c3400d149872fac7acaad16d7442c.jpg;https://ru.sas.am/categories/%D0%9D%D0%B0%D0%BF%D0%B8%D1%82%D0%BA%D0%B8_3138/;True
Фиточай, цикорий;b225ca448c178cac71e5bbacf56edc31.jpg;https://ru.sas.am/categories/%D0%A4%D0%B8%D1%82%D0%BE%D1%87%D0%B0%D0%B9_%D1%86%D0%B8%D0%BA%D0%BE%D1%80%D0%B8%D0%B9_2905/;False
Бакалея;845b19826e25a7b63e481fcff64eb123.jpg;https://ru.sas.am/categories/%D0%91%D0%B0%D0%BA%D0%B0%D0%BB%D0%B5%D1%8F_3137/;True
Хлебцы, сухарики;35ae7923b1fdc8d4db26aafe7a3a6fd5.jpg;https://ru.sas.am/categories/%D0%A5%D0%BB%D0%B5%D0%B1%D1%86%D1%8B_%D1%81%D1%83%D1%85%D0%B0%D1%80%D0%B8%D0%BA%D0%B8__1333/;False
Мюсли, подушечки;ee7a28f723a17e0c4afe9bd3a779e62e.jpg;https://ru.sas.am/categories/%D0%9C%D1%8E%D1%81%D0%BB%D0%B8_%D0%BF%D0%BE%D0%B4%D1%83%D1%88%D0%B5%D1%87%D0%BA%D0%B8_2903/;False
Крупы, бобовые;0804c57fe25f6bb97e3dc94e4c71bd3f.jpg;https://ru.sas.am/categories/%D0%9A%D1%80%D1%83%D0%BF%D1%8B_%D0%B1%D0%BE%D0%B1%D0%BE%D0%B2%D1%8B%D0%B5_6486/;False
Сладости, десерты;8d0bbaec805d380facd88e320119248d.jpg;https://ru.sas.am/categories/%D0%A1%D0%BB%D0%B0%D0%B4%D0%BE%D1%81%D1%82%D0%B8_%D0%B4%D0%B5%D1%81%D0%B5%D1%80%D1%82%D1%8B_3136/;True
Мед, джем;2366b95d522f18f8d37a317c78f9b62d.jpg;https://ru.sas.am/categories/%D0%9C%D0%B5%D0%B4_%D0%B4%D0%B6%D0%B5%D0%BC__2906/;False
Вафли;6441997c0e9a128b85646eb4163a72eb.jpg;https://ru.sas.am/categories/%D0%92%D0%B0%D1%84%D0%BB%D0%B8_2909/;False
Халва, козинаки;56242f69f0b22501791a50480d4150d1.jpg;https://ru.sas.am/categories/%D0%A5%D0%B0%D0%BB%D0%B2%D0%B0_%D0%BA%D0%BE%D0%B7%D0%B8%D0%BD%D0%B0%D0%BA%D0%B8_2910/;False
Печенье, круассаны;68963e0fe405110128a276d9b6dc2b3d.jpg;https://ru.sas.am/categories/%D0%9F%D0%B5%D1%87%D0%B5%D0%BD%D1%8C%D0%B5_%D0%BA%D1%80%D1%83%D0%B0%D1%81%D1%81%D0%B0%D0%BD%D1%8B__2911/;False
Конфеты, леденцы, мармелад;971f265774c2c236f9251274e6a4bcae.jpg;https://ru.sas.am/categories/%D0%9A%D0%BE%D0%BD%D1%84%D0%B5%D1%82%D1%8B_%D0%BB%D0%B5%D0%B4%D0%B5%D0%BD%D1%86%D1%8B_%D0%BC%D0%B0%D1%80%D0%BC%D0%B5%D0%BB%D0%B0%D0%B4__2912/;False
Шоколадная плитка, шоколадный крем;33ba88720af4b54b91872c2620951435.jpg;https://ru.sas.am/categories/%D0%A8%D0%BE%D0%BA%D0%BE%D0%BB%D0%B0%D0%B4%D0%BD%D0%B0%D1%8F_%D0%BF%D0%BB%D0%B8%D1%82%D0%BA%D0%B0_%D1%88%D0%BE%D0%BA%D0%BE%D0%BB%D0%B0%D0%B4%D0%BD%D1%8B%D0%B9_%D0%BA%D1%80%D0%B5%D0%BC_2913/;False
Пряники, трубочки хрустящие;b70777efc584d12c7e4072bb72bc5bf6.jpg;https://ru.sas.am/categories/%D0%9F%D1%80%D1%8F%D0%BD%D0%B8%D0%BA%D0%B8_%D1%82%D1%80%D1%83%D0%B1%D0%BE%D1%87%D0%BA%D0%B8_%D1%85%D1%80%D1%83%D1%81%D1%82%D1%8F%D1%89%D0%B8%D0%B5_2914/;False
Другие;3a7b629e2aab905f3a26140296146c8e.jpg;https://ru.sas.am/categories/%D0%94%D1%80%D1%83%D0%B3%D0%B8%D0%B5_3087/;True
Органические товары;0a877c3fc04cac3f10a9dffa313ca519.png;https://ru.sas.am/categories/%D0%9E%D1%80%D0%B3%D0%B0%D0%BD%D0%B8%D1%87%D0%B5%D1%81%D0%BA%D0%B8%D0%B5_%D1%82%D0%BE%D0%B2%D0%B0%D1%80%D1%8B_6316/;True
Сладости;d143d7f6408e0481b89ea68506f1dc4f.jpg;https://ru.sas.am/categories/%D0%A1%D0%BB%D0%B0%D0%B4%D0%BE%D1%81%D1%82%D0%B8_6323/;True
Соки и напитки;a97d9ab966f4a30c928ccadf8234776e.jpg;https://ru.sas.am/categories/%D0%A1%D0%BE%D0%BA%D0%B8_%D0%B8_%D0%BD%D0%B0%D0%BF%D0%B8%D1%82%D0%BA%D0%B8_6324/;True
Бакалея;bb6d16a05797ba7e68496f020a6b6adc.jpg;https://ru.sas.am/categories/%D0%91%D0%B0%D0%BA%D0%B0%D0%BB%D0%B5%D1%8F_6325/;True
Хлеб;8f745e0927a19e2b72f83d4b7ae5f157.jpg;https://ru.sas.am/categories/%D0%A5%D0%BB%D0%B5%D0%B1_6326/;True
Без глютена;1511f33c6852ac0f10ac7b00a310e27a.png;https://ru.sas.am/categories/%D0%91%D0%B5%D0%B7_%D0%B3%D0%BB%D1%8E%D1%82%D0%B5%D0%BD%D0%B0_6762/;True
Все для животных;b99e3e9fbfa51ecd1cd494664763f96d.png;https://ru.sas.am/categories/%D0%92%D1%81%D0%B5_%D0%B4%D0%BB%D1%8F_%D0%B6%D0%B8%D0%B2%D0%BE%D1%82%D0%BD%D1%8B%D1%85_1371/;True
Корм для собак;a757992c7c7b75d1411e117a292f5e63.jpg;https://ru.sas.am/categories/%D0%9A%D0%BE%D1%80%D0%BC_%D0%B4%D0%BB%D1%8F_%D1%81%D0%BE%D0%B1%D0%B0%D0%BA_1435/;True
Корм для кошек;23088362e446979cc42e8331b888930b.jpg;https://ru.sas.am/categories/%D0%9A%D0%BE%D1%80%D0%BC_%D0%B4%D0%BB%D1%8F_%D0%BA%D0%BE%D1%88%D0%B5%D0%BA_1436/;True
Другие;0eb1d3b92f74b0c6a42facc3e8b502b8.jpg;https://ru.sas.am/categories/%D0%94%D1%80%D1%83%D0%B3%D0%B8%D0%B5_3015/;True
